{
  "accuracy": 0.8957894736842106,
  "macro_f1": 0.8955821800296329
}