{
  "accuracy": 0.9198684210526316,
  "macro_f1": 0.919729523867007
}