{
  "bin_edges": [
    -Infinity,
    27.0,
    30.0,
    33.0,
    35.0,
    37.0,
    39.0,
    42.0,
    44.0,
    48.0,
    Infinity
  ],
  "class_distribution": {
    "Business": 0.25,
    "Sci/Tech": 0.25,
    "Sports": 0.25,
    "World": 0.25
  },
  "n": 108000,
  "reference_proportions": [
    0.09716666666666667,
    0.07430555555555556,
    0.10919444444444444,
    0.08646296296296296,
    0.09382407407407407,
    0.09355555555555556,
    0.13710185185185186,
    0.08138888888888889,
    0.11289814814814815,
    0.11410185185185186
  ],
  "signal": "token_count"
}